{
  "Kuopio": [
    62.8924641,
    27.6783597
  ],
  "Vehmaa": [
    60.6866474,
    21.7152608
  ],
  "Hausjärvi": [
    60.7788065,
    24.9735698
  ],
  "Salo": [
    60.3879158,
    23.1248694
  ],
  "Lammi": [
    61.0786178,
    25.0099373
  ],
  "Oulun ymp": [
    65.0593277,
    25.4673577
  ],
  "Hamina": [
    60.5683467,
    27.1925862
  ],
  "Hämeenlinna (Lammi)": [
    61.0807925,
    25.0072793
  ],
  "Kannus": [
    63.9007773,
    23.9170363
  ],
  "Raasepori": [
    59.9285263,
    23.5219234
  ],
  "Tampere": [
    61.4977929,
    23.7616372
  ],
  "Heinola": [
    61.2027188,
    26.031371
  ],
  "Peräseinäjoki": [
    62.5621248,
    23.0632748
  ],
  "Pohjois-Karjala": [
    62.801052,
    30.2127116
  ],
  "Lokalahti": [
    60.6808998,
    21.465251
  ],
  "Nilsiä/Rautavaara": null,
  "Loppi": [
    60.7173615,
    24.4414178
  ],
  "PYHTÄÄ": [
    60.4945625,
    26.7391561
  ],
  "Pieksämäki": [
    62.3016121,
    27.1634769
  ],
  "Rovaniemi": [
    66.5025657,
    25.73122
  ],
  "Kouvola": [
    60.8679237,
    26.7041116
  ],
  "Lohtaja": [
    64.0224819,
    23.5065717
  ],
  "Parola": [
    61.051566,
    24.3656253
  ],
  "Varpanen, Suonenjoki": [
    62.6210349,
    27.2292733
  ],
  "Meri-Lappi": [
    65.7992109,
    24.5045251
  ],
  "Pälkäne": [
    61.3371322,
    24.2649422
  ],
  "Hämeenlinnan ymp.": [
    61.0025615,
    24.4783279
  ],
  "Vieremä": [
    63.75,
    27.016667
  ],
  "Rovaniemi ": [
    66.5025657,
    25.73122
  ],
  "Jyväskylä": [
    62.241672,
    25.7495806
  ],
  "Kemiönsaari": [
    60.1650696,
    22.7269885
  ],
  "Lapua": [
    62.9702783,
    23.0068628
  ],
  "Saarijärvi": [
    62.7050975,
    25.2582688
  ],
  "Uusimaa": [
    60.2246684,
    25.1272631
  ],
  "Masku": [
    60.566667,
    22.1
  ],
  "Korpilahti": [
    62.0431892,
    25.5801114
  ],
  "Janakkala": [
    60.9063816,
    24.6186447
  ],
  "Leppävirta": [
    62.4917201,
    27.7880572
  ],
  "Hattula": [
    61.0631229,
    24.3669975
  ],
  "Siikalatva": [
    64.3119466,
    26.0790042
  ],
  "Etelä-Suomi": [
    60.7373759,
    25.8143982
  ],
  "Mikkeli": [
    61.6877823,
    27.2731918
  ],
  "Koria": [
    60.8470824,
    26.6012815
  ],
  "Laukaa": [
    62.416667,
    25.95
  ],
  "Sastamala": [
    61.3402939,
    22.9097256
  ],
  "Toivakka": [
    62.0962173,
    26.0804935
  ],
  "Pori": [
    61.4866126,
    21.7972071
  ],
  "Seinäjoki": [
    62.7906684,
    22.8398019
  ],
  "Rovaniemi ymp": [
    66.5025657,
    25.73122
  ],
  "Kemi": [
    65.7333404,
    24.5666495
  ],
  "Pöytyä": [
    60.7409756,
    22.6282676
  ],
  "Veteli": [
    63.4719205,
    23.792566
  ],
  "Kokemäki": [
    61.2513342,
    22.3492421
  ],
  "Perniö": [
    60.2053851,
    23.1014504
  ],
  "Laihia": [
    62.9761064,
    22.0122155
  ],
  "KOUVOLA": [
    60.8679237,
    26.7041116
  ],
  "Pudasjärvi": [
    65.360401,
    26.9984899
  ],
  "Renko": [
    60.8973271,
    24.2854098
  ],
  "Kutemajärvi, Kangasniemi": [
    62.0988696,
    26.7500757
  ],
  "Tuusniemi": [
    62.8129715,
    28.473989
  ],
  "Mäntän ympäristö ": null,
  "Hämeenlinnan ympäristö": null,
  "Taipalsaari": [
    61.1599368,
    28.0604215
  ],
  "Kajaani": [
    64.2247169,
    27.7337773
  ],
  "Sotkamo": [
    64.1318262,
    28.3878316
  ],
  "Uusimaa/ Inkoo": [
    60.0428902,
    24.0034283
  ]
}